timestamp_us,qw,qi,qj,qk
45695060,0.99761962890625,0.0633544921875,-0.0201416015625,-0.01910400390625
45704060,0.99761962890625,0.0633544921875,-0.0201416015625,-0.01910400390625
45715060,0.99761962890625,0.0633544921875,-0.0201416015625,-0.01910400390625
45724060,0.99761962890625,0.0633544921875,-0.0201416015625,-0.01910400390625
45735060,0.99761962890625,0.0633544921875,-0.0201416015625,-0.01910400390625
45744060,0.99761962890625,0.0633544921875,-0.0201416015625,-0.01910400390625
392815060,0.99774169921875,0.06121826171875,-0.01995849609375,-0.01837158203125
392826060,0.99774169921875,0.06121826171875,-0.01995849609375,-0.01837158203125
392835060,0.99774169921875,0.06121826171875,-0.01995849609375,-0.01837158203125
392845060,0.99774169921875,0.061279296875,-0.01995849609375,-0.01837158203125
392856060,0.99774169921875,0.061279296875,-0.01995849609375,-0.01837158203125
392865060,0.99774169921875,0.061279296875,-0.01995849609375,-0.01837158203125
392875060,0.99774169921875,0.061279296875,-0.01995849609375,-0.01837158203125
392885060,0.99774169921875,0.061279296875,-0.01995849609375,-0.01837158203125
392895060,0.99774169921875,0.061279296875,-0.01995849609375,-0.01837158203125
392905060,0.99774169921875,0.061279296875,-0.01995849609375,-0.01837158203125
392915060,0.99774169921875,0.061279296875,-0.01995849609375,-0.01837158203125
392925060,0.99774169921875,0.061279296875,-0.01995849609375,-0.01837158203125
392935060,0.99774169921875,0.061279296875,-0.02001953125,-0.01837158203125
392945060,0.99774169921875,0.061279296875,-0.02001953125,-0.01837158203125
392955060,0.99774169921875,0.061279296875,-0.02001953125,-0.01837158203125
392965060,0.99774169921875,0.061279296875,-0.02001953125,-0.01837158203125
392975060,0.99774169921875,0.061279296875,-0.02001953125,-0.01837158203125
392985060,0.99774169921875,0.061279296875,-0.02001953125,-0.01837158203125
392995060,0.99774169921875,0.061279296875,-0.02001953125,-0.01837158203125
393005060,0.99774169921875,0.061279296875,-0.02001953125,-0.01837158203125
393015060,0.99774169921875,0.061279296875,-0.02001953125,-0.01837158203125
393025060,0.99774169921875,0.061279296875,-0.02001953125,-0.01837158203125
393035060,0.99774169921875,0.061279296875,-0.02001953125,-0.01837158203125
393045060,0.99774169921875,0.061279296875,-0.02001953125,-0.01837158203125
393055060,0.99774169921875,0.061279296875,-0.02001953125,-0.01837158203125
393065060,0.99774169921875,0.061279296875,-0.02001953125,-0.01837158203125
393074060,0.99774169921875,0.061279296875,-0.02001953125,-0.01837158203125
393085060,0.99774169921875,0.061279296875,-0.02001953125,-0.01837158203125
393095060,0.99774169921875,0.06134033203125,-0.02001953125,-0.01837158203125
393105060,0.99774169921875,0.06134033203125,-0.02001953125,-0.01837158203125
393116060,0.99774169921875,0.06134033203125,-0.02001953125,-0.01837158203125
393125060,0.99774169921875,0.06134033203125,-0.02001953125,-0.01837158203125
393134060,0.99774169921875,0.06134033203125,-0.02001953125,-0.01837158203125
393145060,0.99774169921875,0.06134033203125,-0.02001953125,-0.01837158203125
393155060,0.99774169921875,0.06134033203125,-0.02001953125,-0.01837158203125
393165060,0.99774169921875,0.06134033203125,-0.02001953125,-0.01837158203125
393175060,0.99774169921875,0.06134033203125,-0.02001953125,-0.01837158203125
393185060,0.99774169921875,0.06134033203125,-0.02001953125,-0.01837158203125
393195060,0.99774169921875,0.06134033203125,-0.02001953125,-0.01837158203125
393205060,0.99774169921875,0.06134033203125,-0.02001953125,-0.01837158203125
393215060,0.99774169921875,0.06134033203125,-0.02001953125,-0.01837158203125
393225060,0.99774169921875,0.06134033203125,-0.02001953125,-0.01837158203125
393235060,0.99774169921875,0.06134033203125,-0.02001953125,-0.01837158203125
393245060,0.99774169921875,0.06134033203125,-0.02001953125,-0.01837158203125
393255060,0.99774169921875,0.06134033203125,-0.02001953125,-0.01837158203125
393265060,0.99774169921875,0.06134033203125,-0.02001953125,-0.01837158203125
393275060,0.99774169921875,0.06134033203125,-0.02001953125,-0.01837158203125
393285060,0.99774169921875,0.06134033203125,-0.02001953125,-0.01837158203125
393295060,0.99774169921875,0.06134033203125,-0.02001953125,-0.01837158203125
393305060,0.99774169921875,0.06134033203125,-0.02001953125,-0.01837158203125
393314060,0.99774169921875,0.06134033203125,-0.02001953125,-0.01837158203125
393324060,0.99774169921875,0.06134033203125,-0.02001953125,-0.01837158203125
393334060,0.99774169921875,0.06134033203125,-0.02001953125,-0.01837158203125
393344060,0.99774169921875,0.06134033203125,-0.02001953125,-0.01837158203125
393354060,0.99774169921875,0.06134033203125,-0.02001953125,-0.01837158203125
393364060,0.99774169921875,0.06134033203125,-0.02001953125,-0.01837158203125
393376060,0.99774169921875,0.06134033203125,-0.02001953125,-0.01837158203125
393385060,0.99774169921875,0.06134033203125,-0.02001953125,-0.01837158203125
393394060,0.99774169921875,0.06134033203125,-0.02001953125,-0.01837158203125
393404060,0.99774169921875,0.06134033203125,-0.02001953125,-0.01837158203125
393414060,0.99774169921875,0.06134033203125,-0.02008056640625,-0.01837158203125
393424060,0.99774169921875,0.06134033203125,-0.02008056640625,-0.01837158203125
393434060,0.99774169921875,0.06134033203125,-0.02008056640625,-0.01837158203125
393444060,0.99774169921875,0.06134033203125,-0.02008056640625,-0.01837158203125
393454060,0.99774169921875,0.0614013671875,-0.02008056640625,-0.01837158203125
393465060,0.99774169921875,0.0614013671875,-0.02008056640625,-0.01837158203125
393474060,0.99774169921875,0.0614013671875,-0.02001953125,-0.01837158203125
393484060,0.99774169921875,0.0614013671875,-0.02001953125,-0.01837158203125
393495060,0.99774169921875,0.0614013671875,-0.02001953125,-0.01837158203125
393504060,0.99774169921875,0.0614013671875,-0.02001953125,-0.01837158203125
393514060,0.99774169921875,0.0614013671875,-0.02001953125,-0.01837158203125
393524060,0.99774169921875,0.0614013671875,-0.02001953125,-0.01837158203125
393534060,0.99774169921875,0.0614013671875,-0.02001953125,-0.01837158203125
393544060,0.99774169921875,0.0614013671875,-0.02001953125,-0.01837158203125
393554060,0.99774169921875,0.0614013671875,-0.01995849609375,-0.01837158203125
393564060,0.99774169921875,0.0614013671875,-0.01995849609375,-0.01837158203125
393574060,0.99774169921875,0.06134033203125,-0.01995849609375,-0.01837158203125
393584060,0.99774169921875,0.06134033203125,-0.01995849609375,-0.01837158203125
393594060,0.99774169921875,0.06134033203125,-0.01995849609375,-0.01837158203125
393604060,0.99774169921875,0.06134033203125,-0.01995849609375,-0.01837158203125
393614060,0.99774169921875,0.06134033203125,-0.01995849609375,-0.01837158203125
393624060,0.99774169921875,0.06134033203125,-0.01995849609375,-0.01837158203125
393634060,0.99774169921875,0.06134033203125,-0.01995849609375,-0.01837158203125
393644060,0.99774169921875,0.06134033203125,-0.01995849609375,-0.01837158203125
393654060,0.99774169921875,0.06134033203125,-0.0198974609375,-0.01837158203125
393664060,0.99774169921875,0.06134033203125,-0.0198974609375,-0.01837158203125
393674060,0.99774169921875,0.06134033203125,-0.0198974609375,-0.01837158203125
393684060,0.99774169921875,0.06134033203125,-0.0198974609375,-0.01837158203125
393694060,0.99774169921875,0.06134033203125,-0.0198974609375,-0.01837158203125
393704060,0.99774169921875,0.06134033203125,-0.0198974609375,-0.01837158203125
393714060,0.99774169921875,0.06134033203125,-0.0198974609375,-0.01837158203125
393724060,0.99774169921875,0.06134033203125,-0.01995849609375,-0.01837158203125
393733060,0.99774169921875,0.06134033203125,-0.01995849609375,-0.01837158203125
393744060,0.99774169921875,0.06134033203125,-0.01995849609375,-0.01837158203125
393753060,0.99774169921875,0.0614013671875,-0.01995849609375,-0.01837158203125
393764060,0.99774169921875,0.0614013671875,-0.01995849609375,-0.01837158203125
393774060,0.99774169921875,0.0614013671875,-0.01995849609375,-0.01837158203125
393783060,0.99774169921875,0.0614013671875,-0.01995849609375,-0.01837158203125
393793060,0.99774169921875,0.0614013671875,-0.01995849609375,-0.01837158203125
393804060,0.99774169921875,0.0614013671875,-0.01995849609375,-0.01837158203125
393813060,0.99774169921875,0.0614013671875,-0.01995849609375,-0.01837158203125
393824060,0.99774169921875,0.0614013671875,-0.01995849609375,-0.01837158203125
393834060,0.99774169921875,0.0614013671875,-0.01995849609375,-0.01837158203125
393843060,0.99774169921875,0.0614013671875,-0.01995849609375,-0.01837158203125
393854060,0.99774169921875,0.0614013671875,-0.01995849609375,-0.01837158203125
393864060,0.99774169921875,0.0614013671875,-0.01995849609375,-0.01837158203125
393874060,0.99774169921875,0.06134033203125,-0.0198974609375,-0.01837158203125
393884060,0.99774169921875,0.06134033203125,-0.0198974609375,-0.01837158203125
393894060,0.99774169921875,0.06134033203125,-0.0198974609375,-0.01837158203125
393904060,0.99774169921875,0.06134033203125,-0.0198974609375,-0.01837158203125
393914060,0.99774169921875,0.06134033203125,-0.0198974609375,-0.01837158203125
393924060,0.99774169921875,0.06134033203125,-0.0198974609375,-0.01837158203125
393933060,0.99774169921875,0.06134033203125,-0.0198974609375,-0.01837158203125
393944060,0.99774169921875,0.06134033203125,-0.0198974609375,-0.01837158203125
393953060,0.99774169921875,0.06134033203125,-0.0198974609375,-0.01837158203125
393963060,0.99774169921875,0.06134033203125,-0.0198974609375,-0.01837158203125
393973060,0.99774169921875,0.06134033203125,-0.0198974609375,-0.01837158203125
393983060,0.99774169921875,0.06134033203125,-0.0198974609375,-0.01837158203125
393993060,0.99774169921875,0.06134033203125,-0.0198974609375,-0.01837158203125
394003060,0.99774169921875,0.06134033203125,-0.0198974609375,-0.01837158203125
394013060,0.99774169921875,0.06134033203125,-0.0198974609375,-0.01837158203125
394023060,0.99774169921875,0.06134033203125,-0.0198974609375,-0.01837158203125
394033060,0.99774169921875,0.06134033203125,-0.0198974609375,-0.01837158203125
394043060,0.99774169921875,0.06134033203125,-0.0198974609375,-0.01837158203125
394053060,0.99774169921875,0.0614013671875,-0.0198974609375,-0.01837158203125
394063060,0.99774169921875,0.0614013671875,-0.0198974609375,-0.01837158203125
394073060,0.99774169921875,0.0614013671875,-0.0198974609375,-0.01837158203125
394083060,0.99774169921875,0.0614013671875,-0.0198974609375,-0.01837158203125
394093060,0.99774169921875,0.0614013671875,-0.0198974609375,-0.01837158203125
394103060,0.99774169921875,0.0614013671875,-0.0198974609375,-0.01837158203125
394113060,0.99774169921875,0.0614013671875,-0.0198974609375,-0.01837158203125
394123060,0.99774169921875,0.0614013671875,-0.0198974609375,-0.01837158203125
394133060,0.99774169921875,0.06146240234375,-0.0198974609375,-0.01837158203125
394144060,0.99774169921875,0.06146240234375,-0.0198974609375,-0.01837158203125
394153060,0.99774169921875,0.06146240234375,-0.0198974609375,-0.01837158203125
394163060,0.99774169921875,0.06146240234375,-0.0198974609375,-0.01837158203125
394173060,0.99774169921875,0.06146240234375,-0.01995849609375,-0.01837158203125
394183060,0.99774169921875,0.06146240234375,-0.01995849609375,-0.01837158203125
394193060,0.99774169921875,0.06146240234375,-0.01995849609375,-0.01837158203125
394203060,0.99774169921875,0.06146240234375,-0.01995849609375,-0.01837158203125
394213060,0.99774169921875,0.06146240234375,-0.01995849609375,-0.01837158203125
394223060,0.99774169921875,0.06146240234375,-0.0198974609375,-0.01837158203125
394233060,0.99774169921875,0.06146240234375,-0.0198974609375,-0.01837158203125
394243060,0.99774169921875,0.06146240234375,-0.0198974609375,-0.01837158203125
394253060,0.99774169921875,0.06146240234375,-0.0198974609375,-0.01837158203125
394263060,0.99774169921875,0.06146240234375,-0.0198974609375,-0.01837158203125
394273060,0.99774169921875,0.06146240234375,-0.0198974609375,-0.01837158203125
394283060,0.99774169921875,0.06146240234375,-0.0198974609375,-0.01837158203125
394293060,0.99774169921875,0.06146240234375,-0.0198974609375,-0.01837158203125
394303060,0.99774169921875,0.06146240234375,-0.0198974609375,-0.01837158203125
394312060,0.99774169921875,0.06146240234375,-0.0198974609375,-0.01837158203125
394323060,0.99774169921875,0.06146240234375,-0.0198974609375,-0.01837158203125
394332060,0.99774169921875,0.06146240234375,-0.0198974609375,-0.01837158203125
394343060,0.99774169921875,0.0615234375,-0.0198974609375,-0.01837158203125
394352060,0.99774169921875,0.06146240234375,-0.0198974609375,-0.01837158203125
394363060,0.99774169921875,0.0615234375,-0.0198974609375,-0.01837158203125
394372060,0.99774169921875,0.0615234375,-0.0198974609375,-0.01837158203125
394383060,0.99774169921875,0.0615234375,-0.0198974609375,-0.01837158203125
394392060,0.99774169921875,0.0615234375,-0.0198974609375,-0.01837158203125
394403060,0.99774169921875,0.0615234375,-0.0198974609375,-0.01837158203125
394412060,0.99774169921875,0.0615234375,-0.0198974609375,-0.01837158203125
394422060,0.99774169921875,0.0615234375,-0.0198974609375,-0.01837158203125
394432060,0.99774169921875,0.0615234375,-0.0198974609375,-0.01837158203125
394443060,0.99774169921875,0.0615234375,-0.01983642578125,-0.01837158203125
394453060,0.99774169921875,0.0615234375,-0.01983642578125,-0.01837158203125
394462060,0.99774169921875,0.0615234375,-0.01983642578125,-0.01837158203125
394473060,0.99774169921875,0.0615234375,-0.01983642578125,-0.01837158203125
394483060,0.99774169921875,0.06146240234375,-0.01983642578125,-0.01837158203125
394493060,0.99774169921875,0.06146240234375,-0.01983642578125,-0.01837158203125
394502060,0.99774169921875,0.06146240234375,-0.01983642578125,-0.01837158203125
394513060,0.99774169921875,0.06146240234375,-0.01983642578125,-0.01837158203125
394523060,0.99774169921875,0.06146240234375,-0.01983642578125,-0.01837158203125
394533060,0.99774169921875,0.06146240234375,-0.01983642578125,-0.018310546875
394543060,0.99774169921875,0.06146240234375,-0.01983642578125,-0.018310546875
394553060,0.99774169921875,0.06146240234375,-0.01983642578125,-0.01837158203125
394562060,0.99774169921875,0.0614013671875,-0.01983642578125,-0.01837158203125
394572060,0.99774169921875,0.0614013671875,-0.01983642578125,-0.01837158203125
394583060,0.99774169921875,0.0614013671875,-0.01983642578125,-0.018310546875
394592060,0.99774169921875,0.0614013671875,-0.01983642578125,-0.018310546875
394602060,0.99774169921875,0.0614013671875,-0.01983642578125,-0.018310546875
394612060,0.99774169921875,0.0614013671875,-0.01983642578125,-0.018310546875
394622060,0.99774169921875,0.0614013671875,-0.01983642578125,-0.01837158203125
394632060,0.99774169921875,0.0614013671875,-0.01983642578125,-0.01837158203125
394642060,0.99774169921875,0.0614013671875,-0.01983642578125,-0.018310546875
394652060,0.99774169921875,0.0614013671875,-0.01983642578125,-0.018310546875
394662060,0.99774169921875,0.0614013671875,-0.01983642578125,-0.01837158203125
394672060,0.99774169921875,0.0614013671875,-0.01983642578125,-0.018310546875
394682060,0.99774169921875,0.0614013671875,-0.01983642578125,-0.018310546875
394692060,0.99774169921875,0.06146240234375,-0.01983642578125,-0.018310546875
394702060,0.99774169921875,0.06146240234375,-0.01983642578125,-0.018310546875
394712060,0.99774169921875,0.06146240234375,-0.01983642578125,-0.018310546875
394722060,0.99774169921875,0.06146240234375,-0.01983642578125,-0.018310546875
394732060,0.99774169921875,0.06146240234375,-0.01983642578125,-0.018310546875
394742060,0.99774169921875,0.06146240234375,-0.01983642578125,-0.018310546875
394752060,0.99774169921875,0.06146240234375,-0.01983642578125,-0.018310546875
394762060,0.99774169921875,0.06146240234375,-0.01983642578125,-0.018310546875
394772060,0.99774169921875,0.06146240234375,-0.01983642578125,-0.018310546875
394782060,0.99774169921875,0.06146240234375,-0.01983642578125,-0.01824951171875
394792060,0.99774169921875,0.0614013671875,-0.01983642578125,-0.01824951171875
394802060,0.99774169921875,0.0614013671875,-0.01983642578125,-0.01824951171875
394812060,0.99774169921875,0.0614013671875,-0.01983642578125,-0.01824951171875
394822060,0.99774169921875,0.0614013671875,-0.01983642578125,-0.01824951171875
394832060,0.99774169921875,0.0614013671875,-0.01983642578125,-0.01824951171875
394842060,0.99774169921875,0.0614013671875,-0.01983642578125,-0.01824951171875
394852060,0.99774169921875,0.0614013671875,-0.01983642578125,-0.0181884765625
394862060,0.99774169921875,0.0614013671875,-0.01983642578125,-0.0181884765625
394871060,0.99774169921875,0.0614013671875,-0.01983642578125,-0.0181884765625
394882060,0.99774169921875,0.0614013671875,-0.01983642578125,-0.0181884765625
394892060,0.99774169921875,0.0614013671875,-0.01983642578125,-0.0181884765625
394902060,0.99774169921875,0.0614013671875,-0.01983642578125,-0.0181884765625
394911060,0.99774169921875,0.06146240234375,-0.01983642578125,-0.0181884765625
394922060,0.99774169921875,0.06146240234375,-0.01983642578125,-0.0181884765625
394931060,0.99774169921875,0.06146240234375,-0.019775390625,-0.0181884765625
394942060,0.99774169921875,0.06146240234375,-0.019775390625,-0.0181884765625
394952060,0.99774169921875,0.06146240234375,-0.019775390625,-0.0181884765625
394962060,0.99774169921875,0.06146240234375,-0.019775390625,-0.0181884765625
394971060,0.99774169921875,0.06146240234375,-0.019775390625,-0.0181884765625
394982060,0.99774169921875,0.06146240234375,-0.019775390625,-0.0181884765625
394991060,0.99774169921875,0.0614013671875,-0.019775390625,-0.0181884765625
395002060,0.99774169921875,0.0614013671875,-0.019775390625,-0.01812744140625
395012060,0.99774169921875,0.0614013671875,-0.019775390625,-0.01812744140625
395022060,0.99774169921875,0.0614013671875,-0.019775390625,-0.01812744140625
395031060,0.99774169921875,0.0614013671875,-0.019775390625,-0.01812744140625
395042060,0.99774169921875,0.0614013671875,-0.019775390625,-0.01812744140625
395051060,0.99774169921875,0.0614013671875,-0.019775390625,-0.01812744140625
395062060,0.99774169921875,0.0614013671875,-0.019775390625,-0.01812744140625
395071060,0.99774169921875,0.0614013671875,-0.01983642578125,-0.01812744140625
395081060,0.99774169921875,0.0614013671875,-0.01983642578125,-0.01812744140625
395091060,0.99774169921875,0.0614013671875,-0.01983642578125,-0.01812744140625
395102060,0.99774169921875,0.0614013671875,-0.01983642578125,-0.0181884765625
395112060,0.99774169921875,0.0614013671875,-0.01983642578125,-0.0181884765625
395121060,0.99774169921875,0.0614013671875,-0.01983642578125,-0.0181884765625
395132060,0.99774169921875,0.0614013671875,-0.01983642578125,-0.0181884765625
395142060,0.99774169921875,0.0614013671875,-0.01983642578125,-0.0181884765625
395152060,0.99774169921875,0.0614013671875,-0.0198974609375,-0.0181884765625
395162060,0.99774169921875,0.0614013671875,-0.0198974609375,-0.0181884765625
395172060,0.99774169921875,0.0614013671875,-0.01983642578125,-0.0181884765625
395182060,0.99774169921875,0.0614013671875,-0.01983642578125,-0.0181884765625
395192060,0.99774169921875,0.0614013671875,-0.01983642578125,-0.0181884765625
395202060,0.99774169921875,0.06134033203125,-0.01983642578125,-0.01812744140625
395212060,0.99774169921875,0.06134033203125,-0.01983642578125,-0.01812744140625
395221060,0.99774169921875,0.06134033203125,-0.01983642578125,-0.01812744140625
395231060,0.99774169921875,0.06134033203125,-0.01983642578125,-0.01812744140625
395242060,0.99774169921875,0.06134033203125,-0.01983642578125,-0.01812744140625
395251060,0.99774169921875,0.061279296875,-0.01983642578125,-0.01812744140625
395261060,0.99774169921875,0.061279296875,-0.01983642578125,-0.01812744140625
395271060,0.99774169921875,0.061279296875,-0.01983642578125,-0.01806640625
395281060,0.99774169921875,0.061279296875,-0.01983642578125,-0.01806640625
395291060,0.99774169921875,0.061279296875,-0.01983642578125,-0.01806640625
395301060,0.99774169921875,0.061279296875,-0.01983642578125,-0.01806640625
395311060,0.99774169921875,0.061279296875,-0.01983642578125,-0.01806640625
395321060,0.99774169921875,0.061279296875,-0.01983642578125,-0.01806640625
395331060,0.99774169921875,0.061279296875,-0.01983642578125,-0.01806640625
395341060,0.99774169921875,0.061279296875,-0.01983642578125,-0.01806640625
395351060,0.99774169921875,0.061279296875,-0.01983642578125,-0.01806640625
395361060,0.99774169921875,0.061279296875,-0.01983642578125,-0.01806640625
395371060,0.99774169921875,0.061279296875,-0.01983642578125,-0.01800537109375
395381060,0.99774169921875,0.061279296875,-0.01983642578125,-0.01800537109375
395391060,0.99774169921875,0.061279296875,-0.0198974609375,-0.01806640625
395402060,0.99774169921875,0.06121826171875,-0.0198974609375,-0.01800537109375
395411060,0.99774169921875,0.06121826171875,-0.0198974609375,-0.01806640625
395421060,0.99774169921875,0.06121826171875,-0.0198974609375,-0.01806640625
395431060,0.99774169921875,0.06121826171875,-0.0198974609375,-0.01806640625
395441060,0.99774169921875,0.06121826171875,-0.0198974609375,-0.01800537109375
395451060,0.99774169921875,0.06121826171875,-0.0198974609375,-0.01800537109375
395461060,0.99774169921875,0.06121826171875,-0.0198974609375,-0.01806640625
395471060,0.99774169921875,0.06121826171875,-0.0198974609375,-0.01800537109375
395481060,0.99774169921875,0.06121826171875,-0.0198974609375,-0.01806640625
395491060,0.99774169921875,0.06121826171875,-0.0198974609375,-0.01806640625
395501060,0.99774169921875,0.06121826171875,-0.0198974609375,-0.01806640625
395511060,0.99774169921875,0.06121826171875,-0.01995849609375,-0.01806640625
395521060,0.99774169921875,0.06121826171875,-0.0198974609375,-0.01806640625
395531060,0.99774169921875,0.06121826171875,-0.0198974609375,-0.01806640625
395541060,0.99774169921875,0.06121826171875,-0.01995849609375,-0.01806640625
395550060,0.99774169921875,0.06121826171875,-0.0198974609375,-0.01806640625
395561060,0.99774169921875,0.06121826171875,-0.0198974609375,-0.01806640625
395571060,0.99774169921875,0.06121826171875,-0.0198974609375,-0.01806640625
395581060,0.99774169921875,0.061279296875,-0.01995849609375,-0.01806640625
395590060,0.99774169921875,0.061279296875,-0.01995849609375,-0.01806640625
395601060,0.99774169921875,0.061279296875,-0.01995849609375,-0.01806640625
395610060,0.99774169921875,0.061279296875,-0.01995849609375,-0.01806640625
395621060,0.99774169921875,0.061279296875,-0.01995849609375,-0.01806640625
395630060,0.99774169921875,0.061279296875,-0.01995849609375,-0.01806640625
395641060,0.99774169921875,0.061279296875,-0.01995849609375,-0.01806640625
395650060,0.99774169921875,0.061279296875,-0.01995849609375,-0.01806640625
395661060,0.99774169921875,0.061279296875,-0.01995849609375,-0.01806640625
395671060,0.99774169921875,0.061279296875,-0.01995849609375,-0.01812744140625
395681060,0.99774169921875,0.061279296875,-0.01995849609375,-0.01806640625
395690060,0.99774169921875,0.061279296875,-0.01995849609375,-0.01812744140625
395701060,0.99774169921875,0.06134033203125,-0.01995849609375,-0.01812744140625
395710060,0.99774169921875,0.06134033203125,-0.01995849609375,-0.01812744140625
395720060,0.99774169921875,0.061279296875,-0.01995849609375,-0.01812744140625
395730060,0.99774169921875,0.061279296875,-0.01995849609375,-0.01812744140625
395741060,0.99774169921875,0.061279296875,-0.01995849609375,-0.01812744140625
395751060,0.99774169921875,0.06134033203125,-0.01995849609375,-0.0181884765625
395760060,0.99774169921875,0.06134033203125,-0.01995849609375,-0.0181884765625
395770060,0.99774169921875,0.06134033203125,-0.01995849609375,-0.0181884765625
395781060,0.99774169921875,0.06134033203125,-0.02001953125,-0.0181884765625
395791060,0.99774169921875,0.0614013671875,-0.02001953125,-0.0181884765625
395800060,0.99774169921875,0.0614013671875,-0.02001953125,-0.0181884765625
395811060,0.99774169921875,0.0614013671875,-0.02001953125,-0.0181884765625
395821060,0.99774169921875,0.0614013671875,-0.02001953125,-0.0181884765625
395831060,0.99774169921875,0.0614013671875,-0.02001953125,-0.01812744140625
395841060,0.99774169921875,0.0614013671875,-0.02001953125,-0.0181884765625
395851060,0.99774169921875,0.0614013671875,-0.02001953125,-0.0181884765625
395860060,0.99774169921875,0.0614013671875,-0.02001953125,-0.0181884765625
395871060,0.99774169921875,0.0614013671875,-0.02001953125,-0.01812744140625
395880060,0.99774169921875,0.0614013671875,-0.02001953125,-0.01812744140625
395890060,0.99774169921875,0.0614013671875,-0.02001953125,-0.01812744140625
395900060,0.99774169921875,0.0614013671875,-0.02001953125,-0.01812744140625
395910060,0.99774169921875,0.06134033203125,-0.02001953125,-0.01812744140625
395920060,0.99774169921875,0.0614013671875,-0.02001953125,-0.01812744140625
395930060,0.99774169921875,0.06134033203125,-0.02001953125,-0.01812744140625
395940060,0.99774169921875,0.06134033203125,-0.02001953125,-0.01812744140625
395950060,0.99774169921875,0.06134033203125,-0.02001953125,-0.01812744140625
395960060,0.99774169921875,0.06134033203125,-0.02001953125,-0.01812744140625
395970060,0.99774169921875,0.06134033203125,-0.02001953125,-0.01812744140625
395980060,0.99774169921875,0.06134033203125,-0.02001953125,-0.01812744140625
395990060,0.99774169921875,0.06134033203125,-0.02001953125,-0.01812744140625
396000060,0.99774169921875,0.06134033203125,-0.02001953125,-0.01812744140625
396010060,0.99774169921875,0.061279296875,-0.02001953125,-0.01812744140625
396020060,0.99774169921875,0.061279296875,-0.02001953125,-0.01812744140625
396030060,0.99774169921875,0.061279296875,-0.02001953125,-0.01812744140625
396040060,0.99774169921875,0.061279296875,-0.01995849609375,-0.01812744140625
396050060,0.99774169921875,0.061279296875,-0.01995849609375,-0.01812744140625
396061060,0.99774169921875,0.06121826171875,-0.01995849609375,-0.01812744140625
396070060,0.99774169921875,0.06121826171875,-0.01995849609375,-0.01812744140625
396080060,0.99774169921875,0.06121826171875,-0.01995849609375,-0.01812744140625
396090060,0.99774169921875,0.06121826171875,-0.01995849609375,-0.01812744140625
396100060,0.99774169921875,0.06121826171875,-0.01995849609375,-0.01812744140625
396110060,0.99774169921875,0.06121826171875,-0.01995849609375,-0.01812744140625
396120060,0.99774169921875,0.06121826171875,-0.01995849609375,-0.0181884765625
396130060,0.99774169921875,0.06121826171875,-0.0198974609375,-0.0181884765625
396140060,0.99774169921875,0.0611572265625,-0.0198974609375,-0.0181884765625
396150060,0.99774169921875,0.0611572265625,-0.0198974609375,-0.0181884765625
396160060,0.99774169921875,0.0611572265625,-0.0198974609375,-0.0181884765625
396169060,0.99774169921875,0.0611572265625,-0.0198974609375,-0.0181884765625
396180060,0.99774169921875,0.0611572265625,-0.0198974609375,-0.0181884765625
396190060,0.99774169921875,0.0611572265625,-0.0198974609375,-0.0181884765625
396200060,0.99774169921875,0.0611572265625,-0.0198974609375,-0.0181884765625
396210060,0.99774169921875,0.0611572265625,-0.0198974609375,-0.0181884765625
396220060,0.99774169921875,0.0611572265625,-0.0198974609375,-0.0181884765625
396230060,0.99774169921875,0.0611572265625,-0.0198974609375,-0.0181884765625
396240060,0.99774169921875,0.0611572265625,-0.0198974609375,-0.0181884765625
396250060,0.99774169921875,0.06121826171875,-0.0198974609375,-0.0181884765625
396260060,0.99774169921875,0.06121826171875,-0.0198974609375,-0.0181884765625
396270060,0.99774169921875,0.06121826171875,-0.0198974609375,-0.0181884765625
396280060,0.99774169921875,0.06121826171875,-0.0198974609375,-0.0181884765625
396289060,0.99774169921875,0.06121826171875,-0.0198974609375,-0.0181884765625
396300060,0.99774169921875,0.06121826171875,-0.0198974609375,-0.0181884765625
396310060,0.99774169921875,0.06121826171875,-0.0198974609375,-0.0181884765625
396320060,0.99774169921875,0.06121826171875,-0.0198974609375,-0.0181884765625
396330060,0.99774169921875,0.06121826171875,-0.0198974609375,-0.0181884765625
396339060,0.99774169921875,0.06121826171875,-0.0198974609375,-0.0181884765625
396350060,0.99774169921875,0.06121826171875,-0.01995849609375,-0.0181884765625
396360060,0.99774169921875,0.06121826171875,-0.01995849609375,-0.0181884765625
396370060,0.99774169921875,0.06121826171875,-0.01995849609375,-0.0181884765625
396380060,0.99774169921875,0.06121826171875,-0.01995849609375,-0.0181884765625
396391060,0.99774169921875,0.06121826171875,-0.01995849609375,-0.0181884765625
396400060,0.99774169921875,0.06121826171875,-0.01995849609375,-0.0181884765625
396409060,0.99774169921875,0.06121826171875,-0.01995849609375,-0.0181884765625
396420060,0.99774169921875,0.06121826171875,-0.01995849609375,-0.0181884765625
396430060,0.99774169921875,0.061279296875,-0.01995849609375,-0.0181884765625
396439060,0.99774169921875,0.061279296875,-0.01995849609375,-0.0181884765625
396450060,0.99774169921875,0.061279296875,-0.01995849609375,-0.0181884765625
396459060,0.99774169921875,0.061279296875,-0.01995849609375,-0.0181884765625
396470060,0.99774169921875,0.061279296875,-0.01995849609375,-0.0181884765625
396480060,0.99774169921875,0.061279296875,-0.01995849609375,-0.0181884765625
396490060,0.99774169921875,0.061279296875,-0.01995849609375,-0.0181884765625
396500060,0.99774169921875,0.061279296875,-0.01995849609375,-0.0181884765625
396510060,0.99774169921875,0.061279296875,-0.01995849609375,-0.0181884765625
396520060,0.99774169921875,0.061279296875,-0.01995849609375,-0.0181884765625
396529060,0.99774169921875,0.061279296875,-0.01995849609375,-0.0181884765625
396540060,0.99774169921875,0.061279296875,-0.01995849609375,-0.0181884765625
396549060,0.99774169921875,0.061279296875,-0.01995849609375,-0.0181884765625
396559060,0.99774169921875,0.061279296875,-0.01995849609375,-0.0181884765625
396569060,0.99774169921875,0.061279296875,-0.01995849609375,-0.0181884765625
396579060,0.99774169921875,0.061279296875,-0.01995849609375,-0.0181884765625
396589060,0.99774169921875,0.061279296875,-0.01995849609375,-0.0181884765625
396599060,0.99774169921875,0.061279296875,-0.01995849609375,-0.0181884765625
396609060,0.99774169921875,0.061279296875,-0.01995849609375,-0.0181884765625
396619060,0.99774169921875,0.061279296875,-0.02001953125,-0.0181884765625
396629060,0.99774169921875,0.061279296875,-0.02001953125,-0.0181884765625
396639060,0.99774169921875,0.061279296875,-0.02001953125,-0.0181884765625
396651060,0.99774169921875,0.061279296875,-0.02001953125,-0.0181884765625
396659060,0.99774169921875,0.061279296875,-0.02001953125,-0.0181884765625
396669060,0.99774169921875,0.061279296875,-0.02001953125,-0.0181884765625
396679060,0.99774169921875,0.061279296875,-0.02001953125,-0.0181884765625
396689060,0.99774169921875,0.061279296875,-0.02001953125,-0.0181884765625
396699060,0.99774169921875,0.06134033203125,-0.02001953125,-0.0181884765625
396709060,0.99774169921875,0.06134033203125,-0.02001953125,-0.0181884765625
396719060,0.99774169921875,0.06134033203125,-0.02001953125,-0.0181884765625
396729060,0.99774169921875,0.06134033203125,-0.02001953125,-0.0181884765625
396739060,0.99774169921875,0.06134033203125,-0.02001953125,-0.0181884765625
396749060,0.99774169921875,0.06134033203125,-0.02001953125,-0.0181884765625
396759060,0.99774169921875,0.06134033203125,-0.02001953125,-0.0181884765625
396769060,0.99774169921875,0.06134033203125,-0.02001953125,-0.0181884765625
396779060,0.99774169921875,0.06134033203125,-0.02001953125,-0.0181884765625
396789060,0.99774169921875,0.06134033203125,-0.02001953125,-0.0181884765625
396799060,0.99774169921875,0.06134033203125,-0.02001953125,-0.0181884765625
396809060,0.99774169921875,0.06134033203125,-0.02001953125,-0.0181884765625
396819060,0.99774169921875,0.06134033203125,-0.02001953125,-0.0181884765625
396829060,0.99774169921875,0.06134033203125,-0.02001953125,-0.0181884765625
396839060,0.99774169921875,0.06134033203125,-0.01995849609375,-0.0181884765625
396849060,0.99774169921875,0.06134033203125,-0.01995849609375,-0.0181884765625
396859060,0.99774169921875,0.06134033203125,-0.01995849609375,-0.0181884765625
396869060,0.99774169921875,0.06134033203125,-0.01995849609375,-0.0181884765625
396879060,0.99774169921875,0.06134033203125,-0.01995849609375,-0.0181884765625
396889060,0.99774169921875,0.06134033203125,-0.01995849609375,-0.0181884765625
396899060,0.99774169921875,0.06134033203125,-0.01995849609375,-0.0181884765625
396909060,0.99774169921875,0.06134033203125,-0.01995849609375,-0.0181884765625
396919060,0.99774169921875,0.06134033203125,-0.01995849609375,-0.0181884765625
396929060,0.99774169921875,0.06134033203125,-0.01995849609375,-0.0181884765625
396939060,0.99774169921875,0.0614013671875,-0.01995849609375,-0.0181884765625
396948060,0.99774169921875,0.0614013671875,-0.01995849609375,-0.0181884765625
396959060,0.99774169921875,0.0614013671875,-0.01995849609375,-0.0181884765625
396969060,0.99774169921875,0.0614013671875,-0.01995849609375,-0.0181884765625
396979060,0.99774169921875,0.0614013671875,-0.01995849609375,-0.0181884765625
396989060,0.99774169921875,0.0614013671875,-0.01995849609375,-0.0181884765625
396999060,0.99774169921875,0.0614013671875,-0.01995849609375,-0.0181884765625
397009060,0.99774169921875,0.0614013671875,-0.01995849609375,-0.0181884765625
397019060,0.99774169921875,0.0614013671875,-0.01995849609375,-0.0181884765625
397029060,0.99774169921875,0.0614013671875,-0.01995849609375,-0.0181884765625
397039060,0.99774169921875,0.0614013671875,-0.01995849609375,-0.0181884765625
397049060,0.99774169921875,0.0614013671875,-0.01995849609375,-0.0181884765625
397059060,0.99774169921875,0.06146240234375,-0.01995849609375,-0.0181884765625
397069060,0.99774169921875,0.06146240234375,-0.01995849609375,-0.0181884765625
397078060,0.99774169921875,0.06146240234375,-0.01995849609375,-0.0181884765625
397089060,0.99774169921875,0.06146240234375,-0.01995849609375,-0.0181884765625
397099060,0.99774169921875,0.06146240234375,-0.01995849609375,-0.0181884765625
397109060,0.99774169921875,0.06146240234375,-0.01995849609375,-0.0181884765625
397118060,0.99774169921875,0.06146240234375,-0.01995849609375,-0.0181884765625
397129060,0.99774169921875,0.06146240234375,-0.01995849609375,-0.0181884765625
397139060,0.99774169921875,0.06146240234375,-0.01995849609375,-0.0181884765625
397149060,0.99774169921875,0.06146240234375,-0.01995849609375,-0.0181884765625
397158060,0.99774169921875,0.06146240234375,-0.01995849609375,-0.0181884765625
397168060,0.99774169921875,0.0615234375,-0.01995849609375,-0.0181884765625
397179060,0.99774169921875,0.0615234375,-0.01995849609375,-0.0181884765625
397189060,0.99774169921875,0.0615234375,-0.01995849609375,-0.0181884765625
397198060,0.99774169921875,0.0615234375,-0.02001953125,-0.0181884765625
397208060,0.99774169921875,0.0615234375,-0.02001953125,-0.0181884765625
397218060,0.99774169921875,0.0615234375,-0.02001953125,-0.0181884765625
397228060,0.99774169921875,0.0615234375,-0.02001953125,-0.0181884765625
397238060,0.99774169921875,0.0615234375,-0.02001953125,-0.0181884765625
397248060,0.99774169921875,0.0615234375,-0.02001953125,-0.0181884765625
397258060,0.99774169921875,0.0615234375,-0.02001953125,-0.0181884765625
397268060,0.99774169921875,0.0615234375,-0.02001953125,-0.0181884765625
397278060,0.99774169921875,0.0615234375,-0.02001953125,-0.0181884765625
397288060,0.99774169921875,0.0615234375,-0.02001953125,-0.0181884765625
397298060,0.99774169921875,0.0615234375,-0.02001953125,-0.0181884765625
397308060,0.99774169921875,0.06158447265625,-0.02001953125,-0.0181884765625
397318060,0.99774169921875,0.06158447265625,-0.02001953125,-0.0181884765625
397328060,0.99774169921875,0.06158447265625,-0.02001953125,-0.0181884765625
397338060,0.99774169921875,0.06158447265625,-0.02001953125,-0.0181884765625
397348060,0.99774169921875,0.06158447265625,-0.02001953125,-0.0181884765625
397358060,0.99774169921875,0.06158447265625,-0.02001953125,-0.0181884765625
397368060,0.99774169921875,0.06158447265625,-0.02001953125,-0.0181884765625
397378060,0.99774169921875,0.06158447265625,-0.02001953125,-0.0181884765625
397388060,0.99774169921875,0.06158447265625,-0.02001953125,-0.0181884765625
397398060,0.99774169921875,0.06158447265625,-0.02001953125,-0.0181884765625
397408060,0.99774169921875,0.06158447265625,-0.02001953125,-0.0181884765625
397418060,0.99774169921875,0.06158447265625,-0.02001953125,-0.0181884765625
397429060,0.99774169921875,0.06158447265625,-0.02001953125,-0.0181884765625
397438060,0.99774169921875,0.06158447265625,-0.02001953125,-0.0181884765625
397448060,0.99774169921875,0.06158447265625,-0.02001953125,-0.0181884765625
397458060,0.99774169921875,0.06158447265625,-0.02001953125,-0.0181884765625
397468060,0.99774169921875,0.06158447265625,-0.02001953125,-0.0181884765625
397478060,0.99774169921875,0.0616455078125,-0.02001953125,-0.0181884765625
397488060,0.99774169921875,0.0616455078125,-0.02001953125,-0.0181884765625
397498060,0.99774169921875,0.0616455078125,-0.02001953125,-0.0181884765625
397508060,0.99774169921875,0.0616455078125,-0.02001953125,-0.0181884765625
397518060,0.99774169921875,0.0616455078125,-0.02001953125,-0.0181884765625
397528060,0.99774169921875,0.0616455078125,-0.02001953125,-0.0181884765625
397538060,0.99774169921875,0.0616455078125,-0.02001953125,-0.0181884765625
397548060,0.99774169921875,0.0616455078125,-0.02001953125,-0.0181884765625
397558060,0.99774169921875,0.0616455078125,-0.02001953125,-0.0181884765625
397567060,0.99774169921875,0.0616455078125,-0.02001953125,-0.0181884765625
397578060,0.99774169921875,0.0616455078125,-0.02001953125,-0.0181884765625
397587060,0.99774169921875,0.0616455078125,-0.02001953125,-0.0181884765625
397598060,0.99774169921875,0.0616455078125,-0.02001953125,-0.0181884765625
397608060,0.99774169921875,0.0616455078125,-0.02001953125,-0.0181884765625
397618060,0.99774169921875,0.0616455078125,-0.02001953125,-0.0181884765625
397628060,0.99774169921875,0.0616455078125,-0.02001953125,-0.0181884765625
397638060,0.99774169921875,0.0616455078125,-0.02001953125,-0.0181884765625
397648060,0.99774169921875,0.0616455078125,-0.02001953125,-0.0181884765625
397658060,0.99774169921875,0.0616455078125,-0.02001953125,-0.0181884765625
397668060,0.99774169921875,0.0616455078125,-0.02001953125,-0.0181884765625
397678060,0.99774169921875,0.0616455078125,-0.02001953125,-0.0181884765625
397687060,0.99774169921875,0.0616455078125,-0.02001953125,-0.0181884765625
397698060,0.99774169921875,0.0616455078125,-0.02001953125,-0.0181884765625
397708060,0.99774169921875,0.0616455078125,-0.02001953125,-0.0181884765625
397717060,0.99774169921875,0.0616455078125,-0.02001953125,-0.0181884765625
397728060,0.99774169921875,0.0616455078125,-0.02001953125,-0.0181884765625
397738060,0.99774169921875,0.0616455078125,-0.02001953125,-0.0181884765625
397748060,0.99774169921875,0.06158447265625,-0.02001953125,-0.0181884765625
397757060,0.99774169921875,0.06158447265625,-0.01995849609375,-0.0181884765625
397768060,0.99774169921875,0.06158447265625,-0.01995849609375,-0.0181884765625
397778060,0.99774169921875,0.06158447265625,-0.01995849609375,-0.0181884765625
397788060,0.99774169921875,0.06158447265625,-0.01995849609375,-0.0181884765625
397798060,0.99774169921875,0.06158447265625,-0.01995849609375,-0.0181884765625
397808060,0.99774169921875,0.06158447265625,-0.01995849609375,-0.0181884765625
397818060,0.99774169921875,0.0615234375,-0.01995849609375,-0.0181884765625
397828060,0.99774169921875,0.0615234375,-0.01995849609375,-0.0181884765625
397838060,0.99774169921875,0.0615234375,-0.01995849609375,-0.0181884765625
397847060,0.99774169921875,0.0615234375,-0.01995849609375,-0.0181884765625
397857060,0.99774169921875,0.0615234375,-0.01995849609375,-0.0181884765625
397867060,0.99774169921875,0.0615234375,-0.0198974609375,-0.0181884765625
397877060,0.99774169921875,0.0615234375,-0.0198974609375,-0.0181884765625
397887060,0.99774169921875,0.0615234375,-0.0198974609375,-0.0181884765625
397897060,0.99774169921875,0.0615234375,-0.0198974609375,-0.0181884765625
397907060,0.99774169921875,0.0615234375,-0.0198974609375,-0.0181884765625
397917060,0.99774169921875,0.0615234375,-0.0198974609375,-0.0181884765625
397927060,0.99774169921875,0.0615234375,-0.0198974609375,-0.0181884765625
397937060,0.99774169921875,0.06146240234375,-0.0198974609375,-0.0181884765625
397947060,0.99774169921875,0.06146240234375,-0.0198974609375,-0.0181884765625
397957060,0.99774169921875,0.06146240234375,-0.0198974609375,-0.0181884765625
397967060,0.99774169921875,0.06146240234375,-0.0198974609375,-0.0181884765625
397977060,0.99774169921875,0.06146240234375,-0.0198974609375,-0.0181884765625
397987060,0.99774169921875,0.06146240234375,-0.0198974609375,-0.0181884765625
397997060,0.99774169921875,0.06146240234375,-0.0198974609375,-0.0181884765625
398007060,0.99774169921875,0.06146240234375,-0.0198974609375,-0.0181884765625
398017060,0.99774169921875,0.06146240234375,-0.0198974609375,-0.0181884765625
398027060,0.99774169921875,0.06146240234375,-0.0198974609375,-0.0181884765625
398037060,0.99774169921875,0.06146240234375,-0.0198974609375,-0.0181884765625
398047060,0.99774169921875,0.06146240234375,-0.0198974609375,-0.0181884765625
398057060,0.99774169921875,0.06146240234375,-0.0198974609375,-0.0181884765625
398067060,0.99774169921875,0.06146240234375,-0.0198974609375,-0.0181884765625
398077060,0.99774169921875,0.06146240234375,-0.0198974609375,-0.0181884765625
398087060,0.99774169921875,0.06146240234375,-0.0198974609375,-0.0181884765625
398097060,0.99774169921875,0.06146240234375,-0.0198974609375,-0.0181884765625
398107060,0.99774169921875,0.06146240234375,-0.01995849609375,-0.0181884765625
398117060,0.99774169921875,0.06146240234375,-0.0198974609375,-0.0181884765625
398127060,0.99774169921875,0.06146240234375,-0.0198974609375,-0.0181884765625
398137060,0.99774169921875,0.0614013671875,-0.0198974609375,-0.0181884765625
398147060,0.99774169921875,0.0614013671875,-0.0198974609375,-0.0181884765625
398157060,0.99774169921875,0.0614013671875,-0.0198974609375,-0.0181884765625
398166060,0.99774169921875,0.0614013671875,-0.0198974609375,-0.0181884765625
398177060,0.99774169921875,0.0614013671875,-0.0198974609375,-0.0181884765625
398186060,0.99774169921875,0.0614013671875,-0.0198974609375,-0.0181884765625
398197060,0.99774169921875,0.06134033203125,-0.0198974609375,-0.0181884765625
398207060,0.99774169921875,0.06134033203125,-0.0198974609375,-0.0181884765625
398217060,0.99774169921875,0.06134033203125,-0.0198974609375,-0.0181884765625
398227060,0.99774169921875,0.06134033203125,-0.0198974609375,-0.0181884765625
398237060,0.99774169921875,0.06134033203125,-0.0198974609375,-0.0181884765625
398246060,0.99774169921875,0.06134033203125,-0.01983642578125,-0.0181884765625
398257060,0.99774169921875,0.06134033203125,-0.01983642578125,-0.0181884765625
398266060,0.99774169921875,0.06134033203125,-0.01983642578125,-0.0181884765625
398277060,0.99774169921875,0.06134033203125,-0.01983642578125,-0.0181884765625
398287060,0.99774169921875,0.06134033203125,-0.01983642578125,-0.0181884765625
398297060,0.99774169921875,0.06134033203125,-0.01983642578125,-0.0181884765625
398307060,0.99774169921875,0.06134033203125,-0.01983642578125,-0.0181884765625
398316060,0.99774169921875,0.06134033203125,-0.01983642578125,-0.0181884765625
398327060,0.99774169921875,0.06134033203125,-0.01983642578125,-0.0181884765625
398337060,0.99774169921875,0.06134033203125,-0.01983642578125,-0.0181884765625
398346060,0.99774169921875,0.06134033203125,-0.01983642578125,-0.0181884765625
398357060,0.99774169921875,0.06134033203125,-0.01983642578125,-0.0181884765625
398366060,0.99774169921875,0.06134033203125,-0.01983642578125,-0.0181884765625
398377060,0.99774169921875,0.0614013671875,-0.0198974609375,-0.0181884765625
398387060,0.99774169921875,0.0614013671875,-0.0198974609375,-0.0181884765625
398397060,0.99774169921875,0.0614013671875,-0.0198974609375,-0.0181884765625
398407060,0.99774169921875,0.0614013671875,-0.0198974609375,-0.0181884765625
398416060,0.99774169921875,0.0614013671875,-0.0198974609375,-0.0181884765625
398427060,0.99774169921875,0.0614013671875,-0.0198974609375,-0.0181884765625
398437060,0.99774169921875,0.0614013671875,-0.0198974609375,-0.0181884765625
398447060,0.99774169921875,0.0614013671875,-0.0198974609375,-0.0181884765625
398456060,0.99774169921875,0.0614013671875,-0.0198974609375,-0.0181884765625
398467060,0.99774169921875,0.06146240234375,-0.0198974609375,-0.0181884765625
398477060,0.99774169921875,0.06146240234375,-0.0198974609375,-0.0181884765625
398487060,0.99774169921875,0.06146240234375,-0.0198974609375,-0.0181884765625
398496060,0.99774169921875,0.06146240234375,-0.0198974609375,-0.0181884765625
398506060,0.99774169921875,0.06146240234375,-0.0198974609375,-0.0181884765625
398516060,0.99774169921875,0.06146240234375,-0.0198974609375,-0.0181884765625
398526060,0.99774169921875,0.06146240234375,-0.0198974609375,-0.0181884765625
398536060,0.99774169921875,0.06146240234375,-0.0198974609375,-0.0181884765625
398546060,0.99774169921875,0.06146240234375,-0.0198974609375,-0.0181884765625
398556060,0.99774169921875,0.06146240234375,-0.0198974609375,-0.0181884765625
398566060,0.99774169921875,0.06146240234375,-0.0198974609375,-0.0181884765625
398576060,0.99774169921875,0.06146240234375,-0.0198974609375,-0.0181884765625
398586060,0.99774169921875,0.06146240234375,-0.0198974609375,-0.0181884765625
398596060,0.99774169921875,0.06146240234375,-0.0198974609375,-0.0181884765625
398606060,0.99774169921875,0.06146240234375,-0.0198974609375,-0.0181884765625
398616060,0.99774169921875,0.06146240234375,-0.0198974609375,-0.0181884765625
398626060,0.99774169921875,0.0614013671875,-0.0198974609375,-0.0181884765625
398636060,0.99774169921875,0.0614013671875,-0.0198974609375,-0.0181884765625
398646060,0.99774169921875,0.0614013671875,-0.01983642578125,-0.0181884765625
398656060,0.99774169921875,0.0614013671875,-0.01983642578125,-0.0181884765625
398666060,0.99774169921875,0.0614013671875,-0.01983642578125,-0.0181884765625
398676060,0.99774169921875,0.0614013671875,-0.01983642578125,-0.0181884765625
398686060,0.99774169921875,0.0614013671875,-0.01983642578125,-0.0181884765625
398696060,0.99774169921875,0.0614013671875,-0.01983642578125,-0.0181884765625
398706060,0.99774169921875,0.0614013671875,-0.01983642578125,-0.0181884765625
398716060,0.99774169921875,0.0614013671875,-0.01983642578125,-0.0181884765625
398726060,0.99774169921875,0.0614013671875,-0.01983642578125,-0.0181884765625
398736060,0.99774169921875,0.0614013671875,-0.01983642578125,-0.0181884765625
398746060,0.99774169921875,0.0614013671875,-0.01983642578125,-0.0181884765625
398756060,0.99774169921875,0.0614013671875,-0.01983642578125,-0.0181884765625
398766060,0.99774169921875,0.0614013671875,-0.01983642578125,-0.0181884765625
398776060,0.99774169921875,0.0614013671875,-0.01983642578125,-0.0181884765625
398786060,0.99774169921875,0.0614013671875,-0.01983642578125,-0.0181884765625
398796060,0.99774169921875,0.0614013671875,-0.01983642578125,-0.0181884765625
398805060,0.99774169921875,0.0614013671875,-0.01983642578125,-0.0181884765625
398816060,0.99774169921875,0.0614013671875,-0.01983642578125,-0.0181884765625
398825060,0.99774169921875,0.0614013671875,-0.019775390625,-0.0181884765625
398836060,0.99774169921875,0.0614013671875,-0.019775390625,-0.0181884765625
398846060,0.99774169921875,0.0614013671875,-0.019775390625,-0.0181884765625
398856060,0.99774169921875,0.0614013671875,-0.019775390625,-0.0181884765625
398865060,0.99774169921875,0.0614013671875,-0.019775390625,-0.0181884765625
398876060,0.99774169921875,0.0614013671875,-0.01983642578125,-0.0181884765625
398885060,0.99774169921875,0.0614013671875,-0.01983642578125,-0.0181884765625
398896060,0.99774169921875,0.0614013671875,-0.01983642578125,-0.0181884765625
398906060,0.99774169921875,0.0614013671875,-0.01983642578125,-0.0181884765625
398916060,0.99774169921875,0.0614013671875,-0.01983642578125,-0.0181884765625
398926060,0.99774169921875,0.0614013671875,-0.01983642578125,-0.0181884765625
398936060,0.99774169921875,0.0614013671875,-0.01983642578125,-0.0181884765625
398946060,0.99774169921875,0.0614013671875,-0.01983642578125,-0.0181884765625
398956060,0.99774169921875,0.0614013671875,-0.01983642578125,-0.0181884765625
398966060,0.99774169921875,0.0614013671875,-0.01983642578125,-0.0181884765625
398976060,0.99774169921875,0.0614013671875,-0.01983642578125,-0.0181884765625
398985060,0.99774169921875,0.0614013671875,-0.01983642578125,-0.0181884765625
398996060,0.99774169921875,0.0614013671875,-0.01983642578125,-0.0181884765625
399006060,0.99774169921875,0.0614013671875,-0.01983642578125,-0.0181884765625
399015060,0.99774169921875,0.0614013671875,-0.01983642578125,-0.0181884765625
399026060,0.99774169921875,0.0614013671875,-0.0198974609375,-0.0181884765625
399036060,0.99774169921875,0.0614013671875,-0.0198974609375,-0.0181884765625
399046060,0.99774169921875,0.0614013671875,-0.0198974609375,-0.0181884765625
399056060,0.99774169921875,0.0614013671875,-0.0198974609375,-0.0181884765625
399066060,0.99774169921875,0.0614013671875,-0.0198974609375,-0.0181884765625
399075060,0.99774169921875,0.06146240234375,-0.0198974609375,-0.0181884765625
399086060,0.99774169921875,0.06146240234375,-0.0198974609375,-0.0181884765625
399095060,0.99774169921875,0.06146240234375,-0.0198974609375,-0.0181884765625
399106060,0.99774169921875,0.06146240234375,-0.0198974609375,-0.0181884765625
399116060,0.99774169921875,0.06146240234375,-0.0198974609375,-0.0181884765625
399126060,0.99774169921875,0.06146240234375,-0.0198974609375,-0.0181884765625
399135060,0.99774169921875,0.06146240234375,-0.0198974609375,-0.0181884765625
399146060,0.99774169921875,0.06146240234375,-0.0198974609375,-0.0181884765625
399156060,0.99774169921875,0.06146240234375,-0.0198974609375,-0.0181884765625
399165060,0.99774169921875,0.06146240234375,-0.0198974609375,-0.0181884765625
399175060,0.99774169921875,0.06146240234375,-0.0198974609375,-0.0181884765625
399185060,0.99774169921875,0.06146240234375,-0.01983642578125,-0.0181884765625
399195060,0.99774169921875,0.06146240234375,-0.01983642578125,-0.0181884765625
399205060,0.99774169921875,0.0614013671875,-0.01983642578125,-0.0181884765625
399215060,0.99774169921875,0.0614013671875,-0.01983642578125,-0.0181884765625
399225060,0.99774169921875,0.0614013671875,-0.01983642578125,-0.0181884765625
399235060,0.99774169921875,0.0614013671875,-0.01983642578125,-0.0181884765625
399245060,0.99774169921875,0.0614013671875,-0.01983642578125,-0.0181884765625
399255060,0.99774169921875,0.0614013671875,-0.01983642578125,-0.0181884765625
399265060,0.99774169921875,0.0614013671875,-0.01983642578125,-0.0181884765625
399275060,0.99774169921875,0.0614013671875,-0.01983642578125,-0.0181884765625
399285060,0.99774169921875,0.0614013671875,-0.01983642578125,-0.0181884765625
399295060,0.99774169921875,0.0614013671875,-0.01983642578125,-0.0181884765625
399305060,0.99774169921875,0.0614013671875,-0.01983642578125,-0.0181884765625
399315060,0.99774169921875,0.0614013671875,-0.01983642578125,-0.0181884765625
399325060,0.99774169921875,0.0614013671875,-0.01983642578125,-0.0181884765625
399335060,0.99774169921875,0.0614013671875,-0.01983642578125,-0.0181884765625
399345060,0.99774169921875,0.0614013671875,-0.01983642578125,-0.0181884765625
399355060,0.99774169921875,0.0614013671875,-0.01983642578125,-0.0181884765625
399365060,0.99774169921875,0.0614013671875,-0.01983642578125,-0.0181884765625
399375060,0.99774169921875,0.0614013671875,-0.01983642578125,-0.0181884765625
399385060,0.99774169921875,0.0614013671875,-0.01983642578125,-0.0181884765625
399395060,0.99774169921875,0.06146240234375,-0.01983642578125,-0.0181884765625
399405060,0.99774169921875,0.06146240234375,-0.01983642578125,-0.0181884765625
399415060,0.99774169921875,0.06146240234375,-0.01983642578125,-0.0181884765625
399425060,0.99774169921875,0.06146240234375,-0.01983642578125,-0.0181884765625
399435060,0.99774169921875,0.0614013671875,-0.01983642578125,-0.0181884765625
399445060,0.99774169921875,0.0614013671875,-0.01983642578125,-0.0181884765625
399455060,0.99774169921875,0.0614013671875,-0.01983642578125,-0.0181884765625
399464060,0.99774169921875,0.0614013671875,-0.01983642578125,-0.0181884765625
399475060,0.99774169921875,0.0614013671875,-0.01983642578125,-0.0181884765625
399485060,0.99774169921875,0.0614013671875,-0.01983642578125,-0.0181884765625
399495060,0.99774169921875,0.0614013671875,-0.01983642578125,-0.0181884765625
399504060,0.99774169921875,0.0614013671875,-0.01983642578125,-0.0181884765625
399515060,0.99774169921875,0.0614013671875,-0.01983642578125,-0.0181884765625
399525060,0.99774169921875,0.0614013671875,-0.01983642578125,-0.0181884765625
399535060,0.99774169921875,0.0614013671875,-0.01983642578125,-0.0181884765625
399544060,0.99774169921875,0.0614013671875,-0.01983642578125,-0.0181884765625
399555060,0.99774169921875,0.0614013671875,-0.019775390625,-0.0181884765625
399564060,0.99774169921875,0.0614013671875,-0.019775390625,-0.0181884765625
399574060,0.99774169921875,0.0614013671875,-0.019775390625,-0.0181884765625
399585060,0.99774169921875,0.0614013671875,-0.019775390625,-0.0181884765625
399595060,0.99774169921875,0.0614013671875,-0.019775390625,-0.0181884765625
399605060,0.99774169921875,0.0614013671875,-0.019775390625,-0.0181884765625
399615060,0.99774169921875,0.0614013671875,-0.019775390625,-0.0181884765625
399624060,0.99774169921875,0.0614013671875,-0.019775390625,-0.0181884765625
399635060,0.99774169921875,0.0614013671875,-0.019775390625,-0.0181884765625
399644060,0.99774169921875,0.06134033203125,-0.019775390625,-0.0181884765625
399655060,0.99774169921875,0.06134033203125,-0.019775390625,-0.0181884765625
399664060,0.99774169921875,0.06134033203125,-0.019775390625,-0.0181884765625
399675060,0.99774169921875,0.06134033203125,-0.019775390625,-0.0181884765625
399685060,0.99774169921875,0.06134033203125,-0.019775390625,-0.0181884765625
399694060,0.99774169921875,0.06134033203125,-0.019775390625,-0.0181884765625
399705060,0.99774169921875,0.06134033203125,-0.019775390625,-0.0181884765625
399715060,0.99774169921875,0.06134033203125,-0.019775390625,-0.0181884765625
399725060,0.99774169921875,0.061279296875,-0.019775390625,-0.0181884765625
399734060,0.99774169921875,0.061279296875,-0.019775390625,-0.0181884765625
399745060,0.99774169921875,0.061279296875,-0.019775390625,-0.0181884765625
399755060,0.99774169921875,0.061279296875,-0.019775390625,-0.0181884765625
399765060,0.99774169921875,0.061279296875,-0.019775390625,-0.0181884765625
399775060,0.99774169921875,0.061279296875,-0.019775390625,-0.0181884765625
399785060,0.99774169921875,0.061279296875,-0.019775390625,-0.0181884765625
399794060,0.99774169921875,0.061279296875,-0.019775390625,-0.0181884765625
399804060,0.99774169921875,0.061279296875,-0.019775390625,-0.0181884765625
399814060,0.99774169921875,0.061279296875,-0.019775390625,-0.0181884765625
399824060,0.99774169921875,0.061279296875,-0.019775390625,-0.0181884765625
399834060,0.99774169921875,0.06121826171875,-0.019775390625,-0.0181884765625
399844060,0.99774169921875,0.06121826171875,-0.019775390625,-0.0181884765625
399855060,0.99774169921875,0.06121826171875,-0.019775390625,-0.0181884765625
399864060,0.99774169921875,0.06121826171875,-0.019775390625,-0.0181884765625
399874060,0.99774169921875,0.06121826171875,-0.01971435546875,-0.0181884765625
399885060,0.99774169921875,0.06121826171875,-0.01971435546875,-0.0181884765625
399894060,0.99774169921875,0.06121826171875,-0.01971435546875,-0.0181884765625
399904060,0.99774169921875,0.06121826171875,-0.01971435546875,-0.0181884765625
399914060,0.99774169921875,0.06121826171875,-0.01971435546875,-0.0181884765625
399924060,0.99774169921875,0.06121826171875,-0.01971435546875,-0.0181884765625
399934060,0.99774169921875,0.06121826171875,-0.01971435546875,-0.0181884765625
399944060,0.99774169921875,0.061279296875,-0.01971435546875,-0.0181884765625
399954060,0.99774169921875,0.061279296875,-0.01971435546875,-0.0181884765625
399964060,0.99774169921875,0.061279296875,-0.01971435546875,-0.0181884765625
399974060,0.99774169921875,0.061279296875,-0.01971435546875,-0.0181884765625
399984060,0.99774169921875,0.061279296875,-0.01971435546875,-0.0181884765625
399994060,0.99774169921875,0.061279296875,-0.01971435546875,-0.0181884765625
400003060,0.99774169921875,0.061279296875,-0.01971435546875,-0.0181884765625
400014060,0.99774169921875,0.061279296875,-0.01971435546875,-0.0181884765625
400024060,0.99774169921875,0.061279296875,-0.01971435546875,-0.0181884765625
400034060,0.99774169921875,0.061279296875,-0.01971435546875,-0.0181884765625
400044060,0.99774169921875,0.061279296875,-0.01971435546875,-0.0181884765625
400054060,0.99774169921875,0.061279296875,-0.01971435546875,-0.0181884765625
400064060,0.99774169921875,0.061279296875,-0.01971435546875,-0.0181884765625
400074060,0.99774169921875,0.061279296875,-0.01971435546875,-0.0181884765625
400084060,0.99774169921875,0.061279296875,-0.01971435546875,-0.0181884765625
400094060,0.99774169921875,0.061279296875,-0.01971435546875,-0.0181884765625
400104060,0.99774169921875,0.06121826171875,-0.01971435546875,-0.0181884765625
400114060,0.99774169921875,0.06121826171875,-0.01971435546875,-0.0181884765625
400123060,0.99774169921875,0.06121826171875,-0.01971435546875,-0.0181884765625
400134060,0.99774169921875,0.06121826171875,-0.01971435546875,-0.0181884765625
400143060,0.99774169921875,0.06121826171875,-0.01971435546875,-0.0181884765625
400154060,0.99774169921875,0.06121826171875,-0.01971435546875,-0.0181884765625
400163060,0.99774169921875,0.06121826171875,-0.01971435546875,-0.0181884765625
400174060,0.99774169921875,0.06121826171875,-0.01971435546875,-0.0181884765625
400184060,0.99774169921875,0.06121826171875,-0.01971435546875,-0.0181884765625
400194060,0.99774169921875,0.06121826171875,-0.01971435546875,-0.0181884765625
400203060,0.99774169921875,0.06121826171875,-0.01971435546875,-0.0181884765625
400214060,0.99774169921875,0.0611572265625,-0.01971435546875,-0.0181884765625
400223060,0.99774169921875,0.0611572265625,-0.01971435546875,-0.0181884765625
400234060,0.99774169921875,0.0611572265625,-0.01971435546875,-0.0181884765625
400243060,0.99774169921875,0.0611572265625,-0.01971435546875,-0.0181884765625
400254060,0.99774169921875,0.0611572265625,-0.01971435546875,-0.0181884765625
400263060,0.99774169921875,0.0611572265625,-0.01971435546875,-0.0181884765625
400274060,0.99774169921875,0.0611572265625,-0.01971435546875,-0.0181884765625
400283060,0.99774169921875,0.0611572265625,-0.01971435546875,-0.0181884765625
400294060,0.99774169921875,0.0611572265625,-0.01971435546875,-0.0181884765625
400303060,0.99774169921875,0.0611572265625,-0.01971435546875,-0.0181884765625
400314060,0.99774169921875,0.0611572265625,-0.01971435546875,-0.0181884765625
400324060,0.99774169921875,0.0611572265625,-0.01971435546875,-0.0181884765625
400333060,0.99774169921875,0.0611572265625,-0.01971435546875,-0.0181884765625
400344060,0.99774169921875,0.0611572265625,-0.01971435546875,-0.0181884765625
400353060,0.99774169921875,0.0611572265625,-0.01971435546875,-0.0181884765625
400364060,0.99774169921875,0.0611572265625,-0.01971435546875,-0.0181884765625
400374060,0.99774169921875,0.0611572265625,-0.01971435546875,-0.0181884765625
400384060,0.99774169921875,0.0611572265625,-0.01971435546875,-0.0181884765625
400393060,0.99774169921875,0.0611572265625,-0.01971435546875,-0.0181884765625
400404060,0.99774169921875,0.0611572265625,-0.01971435546875,-0.0181884765625
400413060,0.99774169921875,0.0611572265625,-0.01971435546875,-0.0181884765625
400424060,0.99774169921875,0.0611572265625,-0.019775390625,-0.0181884765625
400434060,0.99774169921875,0.0611572265625,-0.019775390625,-0.0181884765625
400444060,0.99774169921875,0.0611572265625,-0.019775390625,-0.0181884765625
400453060,0.99774169921875,0.0611572265625,-0.019775390625,-0.0181884765625
400463060,0.99774169921875,0.0611572265625,-0.019775390625,-0.0181884765625
400473060,0.99774169921875,0.0611572265625,-0.019775390625,-0.0181884765625
400483060,0.99774169921875,0.0611572265625,-0.019775390625,-0.0181884765625
400493060,0.99774169921875,0.0611572265625,-0.019775390625,-0.0181884765625
400503060,0.99774169921875,0.06121826171875,-0.019775390625,-0.0181884765625
400514060,0.99774169921875,0.06121826171875,-0.019775390625,-0.0181884765625
400523060,0.99774169921875,0.06121826171875,-0.019775390625,-0.0181884765625
400533060,0.99774169921875,0.06121826171875,-0.019775390625,-0.0181884765625
400543060,0.99774169921875,0.0611572265625,-0.019775390625,-0.0181884765625
400553060,0.99774169921875,0.0611572265625,-0.019775390625,-0.0181884765625
400563060,0.99774169921875,0.0611572265625,-0.019775390625,-0.0181884765625
400573060,0.99774169921875,0.0611572265625,-0.019775390625,-0.0181884765625
400583060,0.99774169921875,0.06121826171875,-0.01983642578125,-0.0181884765625
400593060,0.99774169921875,0.06121826171875,-0.01983642578125,-0.0181884765625
400603060,0.99774169921875,0.06121826171875,-0.019775390625,-0.0181884765625
400613060,0.99774169921875,0.06121826171875,-0.019775390625,-0.0181884765625
400624060,0.99774169921875,0.06121826171875,-0.019775390625,-0.0181884765625
400633060,0.99774169921875,0.06121826171875,-0.019775390625,-0.0181884765625
400643060,0.99774169921875,0.06121826171875,-0.019775390625,-0.0181884765625
400653060,0.99774169921875,0.06121826171875,-0.019775390625,-0.0181884765625
400663060,0.99774169921875,0.06121826171875,-0.019775390625,-0.0181884765625
400673060,0.99774169921875,0.06121826171875,-0.019775390625,-0.0181884765625
400683060,0.99774169921875,0.06121826171875,-0.019775390625,-0.0181884765625
400693060,0.99774169921875,0.06121826171875,-0.019775390625,-0.0181884765625
400703060,0.99774169921875,0.06121826171875,-0.019775390625,-0.0181884765625
400713060,0.99774169921875,0.06121826171875,-0.019775390625,-0.0181884765625
400723060,0.99774169921875,0.06121826171875,-0.019775390625,-0.0181884765625
400733060,0.99774169921875,0.061279296875,-0.019775390625,-0.0181884765625
400743060,0.99774169921875,0.061279296875,-0.019775390625,-0.0181884765625
400753060,0.99774169921875,0.061279296875,-0.019775390625,-0.0181884765625
400762060,0.99774169921875,0.061279296875,-0.019775390625,-0.0181884765625
400773060,0.99774169921875,0.061279296875,-0.019775390625,-0.0181884765625
400782060,0.99774169921875,0.061279296875,-0.019775390625,-0.0181884765625
400793060,0.99774169921875,0.061279296875,-0.019775390625,-0.0181884765625
400803060,0.99774169921875,0.061279296875,-0.019775390625,-0.0181884765625
400813060,0.99774169921875,0.061279296875,-0.019775390625,-0.0181884765625
400823060,0.99774169921875,0.061279296875,-0.019775390625,-0.0181884765625
400833060,0.99774169921875,0.061279296875,-0.019775390625,-0.0181884765625
400842060,0.99774169921875,0.061279296875,-0.019775390625,-0.0181884765625
400853060,0.99774169921875,0.061279296875,-0.019775390625,-0.0181884765625
400863060,0.99774169921875,0.06134033203125,-0.019775390625,-0.0181884765625
400873060,0.99774169921875,0.06134033203125,-0.019775390625,-0.0181884765625
400883060,0.99774169921875,0.06134033203125,-0.019775390625,-0.0181884765625
400893060,0.99774169921875,0.06134033203125,-0.01983642578125,-0.0181884765625
400902060,0.99774169921875,0.06134033203125,-0.01983642578125,-0.0181884765625
400913060,0.99774169921875,0.06134033203125,-0.01983642578125,-0.0181884765625
400922060,0.99774169921875,0.06134033203125,-0.01983642578125,-0.0181884765625
400932060,0.99774169921875,0.06134033203125,-0.01983642578125,-0.0181884765625
400942060,0.99774169921875,0.06134033203125,-0.01983642578125,-0.0181884765625
400953060,0.99774169921875,0.06134033203125,-0.01983642578125,-0.0181884765625
400962060,0.99774169921875,0.06134033203125,-0.01983642578125,-0.0181884765625
400973060,0.99774169921875,0.06134033203125,-0.01983642578125,-0.0181884765625
400983060,0.99774169921875,0.06134033203125,-0.01983642578125,-0.0181884765625
400992060,0.99774169921875,0.06134033203125,-0.01983642578125,-0.0181884765625
401003060,0.99774169921875,0.06134033203125,-0.01983642578125,-0.0181884765625
401013060,0.99774169921875,0.06134033203125,-0.01983642578125,-0.0181884765625
401023060,0.99774169921875,0.06134033203125,-0.01983642578125,-0.0181884765625
401032060,0.99774169921875,0.06134033203125,-0.01983642578125,-0.0181884765625
401043060,0.99774169921875,0.06134033203125,-0.0198974609375,-0.0181884765625
401052060,0.99774169921875,0.06134033203125,-0.0198974609375,-0.0181884765625
401063060,0.99774169921875,0.06134033203125,-0.0198974609375,-0.0181884765625
